		Contains ranks of all pages
Page number: 0, page rank:0.01004198815936215
Page number: 1, page rank:0.0062707530710821874
Page number: 2, page rank:0.0012918711156050637
Page number: 3, page rank:0.001562107615825509
Page number: 4, page rank:0.0015799779397533808
Page number: 5, page rank:0.0019674623661561762
Page number: 6, page rank:0.001291871115605064
Page number: 7, page rank:0.0011567528654948403
Page number: 8, page rank:0.0012918711156050637
Page number: 9, page rank:0.0013097414395329345
Page number: 10, page rank:0.001697225865935732
Page number: 11, page rank:0.002237698866376617
Page number: 12, page rank:0.0018831543758330378
Page number: 13, page rank:0.0010216346153846174
Page number: 14, page rank:0.0010216346153846174
Page number: 15, page rank:0.0012918711156050633
Page number: 16, page rank:0.0010216346153846174
Page number: 17, page rank:0.0016972258659357317
Page number: 18, page rank:0.002501146826923501
Page number: 19, page rank:0.0010216346153846174
Page number: 20, page rank:0.0010216346153846174
Page number: 21, page rank:0.0012918711156050635
Page number: 22, page rank:0.0010216346153846174
Page number: 23, page rank:0.0010216346153846174
Page number: 24, page rank:0.0010216346153846174
Page number: 25, page rank:0.0010216346153846174
Page number: 26, page rank:0.0010216346153846174
Page number: 27, page rank:0.0010216346153846174
Page number: 28, page rank:0.0010216346153846174
Page number: 29, page rank:0.0010216346153846174
Page number: 30, page rank:0.0010216346153846174
Page number: 31, page rank:0.0010216346153846174
Page number: 32, page rank:0.0011567528654948403
Page number: 33, page rank:0.0011567528654948408
Page number: 34, page rank:0.0010216346153846174
Page number: 35, page rank:0.0010216346153846174
Page number: 36, page rank:0.0010216346153846174
Page number: 37, page rank:0.0010216346153846174
Page number: 38, page rank:0.0010216346153846174
Page number: 39, page rank:0.0010216346153846174
Page number: 40, page rank:0.0010216346153846174
Page number: 41, page rank:0.0010216346153846174
Page number: 42, page rank:0.0010216346153846174
Page number: 43, page rank:0.0010216346153846174
Page number: 44, page rank:0.0010216346153846174
Page number: 45, page rank:0.0010216346153846174
Page number: 46, page rank:0.0012918711156050633
Page number: 47, page rank:0.006733967518082997
Page number: 48, page rank:0.0011567528654948406
Page number: 49, page rank:0.0010216346153846174
Page number: 50, page rank:0.0010216346153846174
Page number: 51, page rank:0.0010216346153846174
Page number: 52, page rank:0.0030020290535594523
Page number: 53, page rank:0.004435331515995931
Page number: 54, page rank:0.003932962637456858
Page number: 55, page rank:0.0036692004124031577
Page number: 56, page rank:0.0011773468919877386
Page number: 57, page rank:0.0015621076158255092
Page number: 58, page rank:0.0011567528654948408
Page number: 59, page rank:0.0027775816356902586
Page number: 60, page rank:0.0010216346153846174
Page number: 61, page rank:0.0013148706937982843
Page number: 62, page rank:0.0012918711156050635
Page number: 63, page rank:0.0012918711156050635
Page number: 64, page rank:0.0026670940600638585
Page number: 65, page rank:0.0010216346153846174
Page number: 66, page rank:0.0010216346153846174
Page number: 67, page rank:0.0010216346153846174
Page number: 68, page rank:0.0010216346153846174
Page number: 69, page rank:0.0010216346153846174
Page number: 70, page rank:0.0010216346153846174
Page number: 71, page rank:0.0010216346153846174
Page number: 72, page rank:0.0010216346153846174
Page number: 73, page rank:0.0010216346153846174
Page number: 74, page rank:0.0010216346153846174
Page number: 75, page rank:0.0010216346153846174
Page number: 76, page rank:0.0011975330472463889
Page number: 77, page rank:0.0010216346153846174
Page number: 78, page rank:0.0010216346153846174
Page number: 79, page rank:0.0010216346153846174
Page number: 80, page rank:0.0010216346153846174
Page number: 81, page rank:0.0010216346153846174
Page number: 82, page rank:0.0010216346153846174
Page number: 83, page rank:0.0010216346153846174
Page number: 84, page rank:0.0010216346153846174
Page number: 85, page rank:0.0010216346153846174
Page number: 86, page rank:0.0010216346153846174
Page number: 87, page rank:0.0010216346153846174
Page number: 88, page rank:0.0010216346153846174
Page number: 89, page rank:0.0010216346153846174
Page number: 90, page rank:0.0010216346153846174
Page number: 91, page rank:0.0010216346153846174
Page number: 92, page rank:0.0010216346153846174
Page number: 93, page rank:0.0010216346153846174
Page number: 94, page rank:0.0010216346153846174
Page number: 95, page rank:0.0010216346153846174
Page number: 96, page rank:0.0010216346153846174
Page number: 97, page rank:0.0010216346153846174
Page number: 98, page rank:0.0010216346153846174
Page number: 99, page rank:0.0010216346153846174
Page number: 100, page rank:0.0010216346153846174
Page number: 101, page rank:0.00533991303418673
Page number: 102, page rank:0.0010216346153846174
Page number: 103, page rank:0.0010216346153846174
Page number: 104, page rank:0.0010216346153846174
Page number: 105, page rank:0.0010216346153846174
Page number: 106, page rank:0.0010216346153846174
Page number: 107, page rank:0.0010216346153846174
Page number: 108, page rank:0.0010216346153846174
Page number: 109, page rank:0.0013299752375068817
Page number: 110, page rank:0.0010216346153846174
Page number: 111, page rank:0.0010216346153846174
Page number: 112, page rank:0.001174623189422711
Page number: 113, page rank:0.0010216346153846174
Page number: 114, page rank:0.0010216346153846174
Page number: 115, page rank:0.0010216346153846174
Page number: 116, page rank:0.0010216346153846174
Page number: 117, page rank:0.0010216346153846174
Page number: 118, page rank:0.0010216346153846174
Page number: 119, page rank:0.0010216346153846174
Page number: 120, page rank:0.0010216346153846174
Page number: 121, page rank:0.0010216346153846174
Page number: 122, page rank:0.0010216346153846174
Page number: 123, page rank:0.0010216346153846174
Page number: 124, page rank:0.0010216346153846174
Page number: 125, page rank:0.0010216346153846174
Page number: 126, page rank:0.0010216346153846174
Page number: 127, page rank:0.0010216346153846174
Page number: 128, page rank:0.0010216346153846174
Page number: 129, page rank:0.0010216346153846174
Page number: 130, page rank:0.0010216346153846174
Page number: 131, page rank:0.0010216346153846174
Page number: 132, page rank:0.0010216346153846174
Page number: 133, page rank:0.0010216346153846174
Page number: 134, page rank:0.0010216346153846174
Page number: 135, page rank:0.001422356844436007
Page number: 136, page rank:0.0010216346153846174
Page number: 137, page rank:0.001859769137332793
Page number: 138, page rank:0.0013276117634608057
Page number: 139, page rank:0.0011924935133505827
Page number: 140, page rank:0.0011924935133505827
Page number: 141, page rank:0.0011924935133505827
Page number: 142, page rank:0.0011924935133505827
Page number: 143, page rank:0.0010216346153846174
Page number: 144, page rank:0.0010216346153846174
Page number: 145, page rank:0.0011924935133505827
Page number: 146, page rank:0.0013276117634608057
Page number: 147, page rank:0.0016157185876091214
Page number: 148, page rank:0.0015978482636812513
Page number: 149, page rank:0.0010216346153846174
Page number: 150, page rank:0.0010216346153846174
Page number: 151, page rank:0.0010216346153846174
Page number: 152, page rank:0.0013633524113165472
Page number: 153, page rank:0.0035653651024700273
Page number: 154, page rank:0.0012918711156050637
Page number: 155, page rank:0.0010216346153846174
Page number: 156, page rank:0.0010216346153846174
Page number: 157, page rank:0.0010216346153846174
Page number: 158, page rank:0.0011567528654948403
Page number: 159, page rank:0.0010216346153846174
Page number: 160, page rank:0.0015008341354728484
Page number: 161, page rank:0.0016359523855830709
Page number: 162, page rank:0.0014314568131802746
Page number: 163, page rank:0.0013657158853626252
Page number: 164, page rank:0.0015187044594007196
Page number: 165, page rank:0.0010216346153846174
Page number: 166, page rank:0.0010216346153846174
Page number: 167, page rank:0.0010216346153846174
Page number: 168, page rank:0.0010216346153846174
Page number: 169, page rank:0.0010216346153846174
Page number: 170, page rank:0.0010216346153846174
Page number: 171, page rank:0.0010216346153846174
Page number: 172, page rank:0.0010216346153846174
Page number: 173, page rank:0.0010216346153846174
Page number: 174, page rank:0.0010216346153846174
Page number: 175, page rank:0.0010216346153846174
Page number: 176, page rank:0.0013576120434227181
Page number: 177, page rank:0.0010216346153846174
Page number: 178, page rank:0.004765273444244369
Page number: 179, page rank:0.0029931944361592426
Page number: 180, page rank:0.0016798974587456184
Page number: 181, page rank:0.0010216346153846174
Page number: 182, page rank:0.0011567528654948408
Page number: 183, page rank:0.0034009591499359927
Page number: 184, page rank:0.0010216346153846174
Page number: 185, page rank:0.0010216346153846174
Page number: 186, page rank:0.0010216346153846174
Page number: 187, page rank:0.0012918711156050635
Page number: 188, page rank:0.0011567528654948403
Page number: 189, page rank:0.0011567528654948403
Page number: 190, page rank:0.0010216346153846174
Page number: 191, page rank:0.0011567528654948403
Page number: 192, page rank:0.0011567528654948403
Page number: 193, page rank:0.0011567528654948403
Page number: 194, page rank:0.0010216346153846174
Page number: 195, page rank:0.0027153205022613603
Page number: 196, page rank:0.0011924935133505823
Page number: 197, page rank:0.0011924935133505823
Page number: 198, page rank:0.0011924935133505823
Page number: 199, page rank:0.0010216346153846174
Page number: 200, page rank:0.0010216346153846174
Page number: 201, page rank:0.0010216346153846174
Page number: 202, page rank:0.0011948569873966607
Page number: 203, page rank:0.0011567528654948403
Page number: 204, page rank:0.0011567528654948406
Page number: 205, page rank:0.0014566770598735488
Page number: 206, page rank:0.0010216346153846174
Page number: 207, page rank:0.0013512465039215887
Page number: 208, page rank:0.0012461044851341948
Page number: 209, page rank:0.0010216346153846174
Page number: 210, page rank:0.001381222735244418
Page number: 211, page rank:0.0010216346153846174
Page number: 212, page rank:0.0011567528654948403
Page number: 213, page rank:0.0012461044851341948
Page number: 214, page rank:0.00142481618922882
Page number: 215, page rank:0.0010216346153846174
Page number: 216, page rank:0.00142481618922882
Page number: 217, page rank:0.001287238594325787
Page number: 218, page rank:0.0025900399550998123
Page number: 219, page rank:0.0010216346153846174
Page number: 220, page rank:0.0010216346153846174
Page number: 221, page rank:0.0010216346153846174
Page number: 222, page rank:0.0010216346153846174
Page number: 223, page rank:0.0010216346153846174
Page number: 224, page rank:0.0010216346153846174
Page number: 225, page rank:0.00142481618922882
Page number: 226, page rank:0.0012461044851341948
Page number: 227, page rank:0.0010216346153846174
Page number: 228, page rank:0.0010216346153846174
Page number: 229, page rank:0.0010216346153846174
Page number: 230, page rank:0.0010216346153846174
Page number: 231, page rank:0.0010216346153846174
Page number: 232, page rank:0.0010216346153846174
Page number: 233, page rank:0.0011567528654948403
Page number: 234, page rank:0.0013990930591722887
Page number: 235, page rank:0.0012461044851341948
Page number: 236, page rank:0.0010216346153846174
Page number: 237, page rank:0.0012918711156050635
Page number: 238, page rank:0.0012461044851341948
Page number: 239, page rank:0.0012461044851341948
Page number: 240, page rank:0.0012461044851341948
Page number: 241, page rank:0.0012461044851341948
Page number: 242, page rank:0.0017819449642958076
Page number: 243, page rank:0.0010216346153846174
Page number: 244, page rank:0.0010216346153846174
Page number: 245, page rank:0.0010216346153846174
Page number: 246, page rank:0.0010216346153846174
Page number: 247, page rank:0.0011567528654948406
Page number: 248, page rank:0.0010216346153846174
Page number: 249, page rank:0.0010216346153846174
Page number: 250, page rank:0.0010216346153846174
Page number: 251, page rank:0.001452704030955894
Page number: 252, page rank:0.001317585780845675
Page number: 253, page rank:0.001317585780845675
Page number: 254, page rank:0.001470574354883769
Page number: 255, page rank:0.001317585780845675
Page number: 256, page rank:0.001317585780845675
Page number: 257, page rank:0.0015878222810661214
Page number: 258, page rank:0.0014527040309558984
Page number: 259, page rank:0.0014527040309558984
Page number: 260, page rank:0.0014527040309558984
Page number: 261, page rank:0.0014527040309558984
Page number: 262, page rank:0.0014527040309558984
Page number: 263, page rank:0.0014527040309558984
Page number: 264, page rank:0.001317585780845675
Page number: 265, page rank:0.0015878222810661192
Page number: 266, page rank:0.001317585780845675
Page number: 267, page rank:0.001317585780845675
Page number: 268, page rank:0.001317585780845675
Page number: 269, page rank:0.0015878222810661214
Page number: 270, page rank:0.001317585780845675
Page number: 271, page rank:0.0015878222810661172
Page number: 272, page rank:0.0015878222810661172
Page number: 273, page rank:0.0010216346153846174
Page number: 274, page rank:0.0010216346153846174
Page number: 275, page rank:0.0010216346153846174
Page number: 276, page rank:0.0010216346153846174
Page number: 277, page rank:0.0010216346153846174
Page number: 278, page rank:0.0010216346153846174
Page number: 279, page rank:0.0010216346153846174
Page number: 280, page rank:0.0010216346153846174
Page number: 281, page rank:0.0010216346153846174
Page number: 282, page rank:0.0010216346153846174
Page number: 283, page rank:0.001405813067761163
Page number: 284, page rank:0.0015588016417992568
Page number: 285, page rank:0.0014058130677611625
Page number: 286, page rank:0.0014058130677611588
Page number: 287, page rank:0.0012706948176509395
Page number: 288, page rank:0.0012706948176509395
Page number: 289, page rank:0.0012706948176509395
Page number: 290, page rank:0.0012706948176509395
Page number: 291, page rank:0.001438753003620378
Page number: 292, page rank:0.0012706948176509395
Page number: 293, page rank:0.0012706948176509395
Page number: 294, page rank:0.0012706948176509395
Page number: 295, page rank:0.0014058130677611588
Page number: 296, page rank:0.0012706948176509395
Page number: 297, page rank:0.0012706948176509395
Page number: 298, page rank:0.0010216346153846174
Page number: 299, page rank:0.0010216346153846174
Page number: 300, page rank:0.0010216346153846174
Page number: 301, page rank:0.0012918711156050637
Page number: 302, page rank:0.0011567528654948408
Page number: 303, page rank:0.0010216346153846174
Page number: 304, page rank:0.0011567528654948408
Page number: 305, page rank:0.0027960421907453803
Page number: 306, page rank:0.0011567528654948408
Page number: 307, page rank:0.001757927259857579
Page number: 308, page rank:0.0013097414395329332
Page number: 309, page rank:0.0031744652037822923
Page number: 310, page rank:0.0061171220206374995
Page number: 311, page rank:0.001315134900868788
Page number: 312, page rank:0.0011567528654948408
Page number: 313, page rank:0.0012097511542708212
Page number: 314, page rank:0.0011924935133505823
Page number: 315, page rank:0.0010216346153846174
Page number: 316, page rank:0.0010216346153846174
Page number: 317, page rank:0.0012918711156050637
Page number: 318, page rank:0.0011567528654948408
Page number: 319, page rank:0.0011567528654948408
Page number: 320, page rank:0.0011567528654948408
Page number: 321, page rank:0.0011567528654948408
Page number: 322, page rank:0.0014876907596371336
Page number: 323, page rank:0.0012918711156050637
Page number: 324, page rank:0.0011567528654948408
Page number: 325, page rank:0.0011567528654948408
Page number: 326, page rank:0.0012918711156050641
Page number: 327, page rank:0.001291871115605064
Page number: 328, page rank:0.0014269893657152862
Page number: 329, page rank:0.001544779208635395
Page number: 330, page rank:0.0012918711156050637
Page number: 331, page rank:0.0012918711156050641
Page number: 332, page rank:0.0014269893657152864
Page number: 333, page rank:0.0011567528654948408
Page number: 334, page rank:0.0013097414395329345
Page number: 335, page rank:0.0014876907596371336
Page number: 336, page rank:0.0045884979350763015
Page number: 337, page rank:0.0011567528654948408
Page number: 338, page rank:0.0011567528654948408
Page number: 339, page rank:0.0014096609585251719
Page number: 340, page rank:0.0014096609585251719
Page number: 341, page rank:0.0014223568444360073
Page number: 342, page rank:0.002204440351519596
Page number: 343, page rank:0.0011567528654948408
Page number: 344, page rank:0.0011567528654948408
Page number: 345, page rank:0.0015574750945462302
Page number: 346, page rank:0.0011567528654948408
Page number: 347, page rank:0.0013097414395329347
Page number: 348, page rank:0.0011567528654948408
Page number: 349, page rank:0.0014269893657152864
Page number: 350, page rank:0.0016157185876091219
Page number: 351, page rank:0.0017380060476872797
Page number: 352, page rank:0.0014661309560578622
Page number: 353, page rank:0.0014495866377353137
Page number: 354, page rank:0.0010216346153846174
Page number: 355, page rank:0.0012461044851341946
Page number: 356, page rank:0.0012461044851341946
Page number: 357, page rank:0.0012461044851341946
Page number: 358, page rank:0.0013812227352444162
Page number: 359, page rank:0.0012461044851341946
Page number: 360, page rank:0.0011567528654948406
Page number: 361, page rank:0.0027182574653450715
Page number: 362, page rank:0.0012174542594166878
Page number: 363, page rank:0.002895265928997519
Page number: 364, page rank:0.0010216346153846174
Page number: 365, page rank:0.0010216346153846174
Page number: 366, page rank:0.0010216346153846174
Page number: 367, page rank:0.0010216346153846174
Page number: 368, page rank:0.0010216346153846174
Page number: 369, page rank:0.0010216346153846174
Page number: 370, page rank:0.0016664148915781106
Page number: 371, page rank:0.0013524285973361867
Page number: 372, page rank:0.0010216346153846174
Page number: 373, page rank:0.0017516915465709045
Page number: 374, page rank:0.0010216346153846174
Page number: 375, page rank:0.0010216346153846174
Page number: 376, page rank:0.0011567528654948408
Page number: 377, page rank:0.0010216346153846174
Page number: 378, page rank:0.0010216346153846174
Page number: 379, page rank:0.001906188885803516
Page number: 380, page rank:0.0014269893657152869
Page number: 381, page rank:0.0011567528654948408
Page number: 382, page rank:0.0011567528654948408
Page number: 383, page rank:0.0011567528654948408
Page number: 384, page rank:0.0020082425479077196
Page number: 385, page rank:0.0011567528654948408
Page number: 386, page rank:0.0011567528654948408
Page number: 387, page rank:0.0011567528654948408
Page number: 388, page rank:0.00156210761582551
Page number: 389, page rank:0.0014269893657152869
Page number: 390, page rank:0.0014269893657152869
Page number: 391, page rank:0.0011567528654948408
Page number: 392, page rank:0.0011567528654948408
Page number: 393, page rank:0.0011567528654948408
Page number: 394, page rank:0.0011567528654948408
Page number: 395, page rank:0.0016359523855830687
Page number: 396, page rank:0.0014448596896431568
Page number: 397, page rank:0.0011567528654948408
Page number: 398, page rank:0.0011567528654948408
Page number: 399, page rank:0.0011567528654948408
Page number: 400, page rank:0.0011567528654948408
Page number: 401, page rank:0.0011567528654948408
Page number: 402, page rank:0.0011567528654948408
Page number: 403, page rank:0.0030103986719490173
Page number: 404, page rank:0.0011567528654948408
Page number: 405, page rank:0.0011567528654948408
Page number: 406, page rank:0.0010216346153846174
Page number: 407, page rank:0.0010216346153846174
Page number: 408, page rank:0.0012918711156050641
Page number: 409, page rank:0.0011567528654948408
Page number: 410, page rank:0.0011567528654948408
Page number: 411, page rank:0.0011567528654948408
Page number: 412, page rank:0.0011567528654948408
Page number: 413, page rank:0.0011567528654948408
Page number: 414, page rank:0.0011567528654948408
Page number: 415, page rank:0.0020413071359137347
Page number: 416, page rank:0.0011567528654948408
Page number: 417, page rank:0.0010216346153846174
Page number: 418, page rank:0.0010216346153846174
Page number: 419, page rank:0.0012918711156050637
Page number: 420, page rank:0.0018091747575951101
Page number: 421, page rank:0.0015978482636812507
Page number: 422, page rank:0.001962163331633201
Page number: 423, page rank:0.0011567528654948408
Page number: 424, page rank:0.0011567528654948408
Page number: 425, page rank:0.0011567528654948408
Page number: 426, page rank:0.0031040327242101177
Page number: 427, page rank:0.0011567528654948408
Page number: 428, page rank:0.0010216346153846174
Page number: 429, page rank:0.0010216346153846174
Page number: 430, page rank:0.0010216346153846174
Page number: 431, page rank:0.0010216346153846174
Page number: 432, page rank:0.0012918711156050637
Page number: 433, page rank:0.0010216346153846174
Page number: 434, page rank:0.0011567528654948408
Page number: 435, page rank:0.0010216346153846174
Page number: 436, page rank:0.0014269893657152866
Page number: 437, page rank:0.0010216346153846174
Page number: 438, page rank:0.0010216346153846174
Page number: 439, page rank:0.0011567528654948408
Page number: 440, page rank:0.0010216346153846174
Page number: 441, page rank:0.0012918711156050641
Page number: 442, page rank:0.0011567528654948406
Page number: 443, page rank:0.0011567528654948408
Page number: 444, page rank:0.0016514592354648638
Page number: 445, page rank:0.0014984706614267693
Page number: 446, page rank:0.0011567528654948408
Page number: 447, page rank:0.0015621076158255092
Page number: 448, page rank:0.0011567528654948408
Page number: 449, page rank:0.0011567528654948408
Page number: 450, page rank:0.001291871115605064
Page number: 451, page rank:0.0019001359321060341
Page number: 452, page rank:0.0026609239406351548
Page number: 453, page rank:0.0011567528654948408
Page number: 454, page rank:0.0018502144399738236
Page number: 455, page rank:0.001930712393919171
Page number: 456, page rank:0.0016823394450920137
Page number: 457, page rank:0.001291871115605064
Page number: 458, page rank:0.0011567528654948408
Page number: 459, page rank:0.0011769866634687895
Page number: 460, page rank:0.0011567528654948403
Page number: 461, page rank:0.0011924935133505825
Page number: 462, page rank:0.0011924935133505825
Page number: 463, page rank:0.0013276117634608055
Page number: 464, page rank:0.0010216346153846174
Page number: 465, page rank:0.0010216346153846174
Page number: 466, page rank:0.0019122484352774617
Page number: 467, page rank:0.002047366685387685
Page number: 468, page rank:0.002300274778418018
Page number: 469, page rank:0.0020473666853876847
Page number: 470, page rank:0.0019122484352774617
Page number: 471, page rank:0.0019122484352774617
Page number: 472, page rank:0.0019122484352774617
Page number: 473, page rank:0.002182484935497907
Page number: 474, page rank:0.0036771719447608593
Page number: 475, page rank:0.0019122484352774617
Page number: 476, page rank:0.0019122484352774617
Page number: 477, page rank:0.002253966231209391
Page number: 478, page rank:0.0020473666853876847
Page number: 479, page rank:0.0019122484352774617
Page number: 480, page rank:0.0019122484352774617
Page number: 481, page rank:0.0019122484352774617
Page number: 482, page rank:0.0019122484352774617
Page number: 483, page rank:0.0010216346153846174
Page number: 484, page rank:0.0010216346153846174
Page number: 485, page rank:0.0010216346153846174
Page number: 486, page rank:0.0010216346153846174
Page number: 487, page rank:0.0010216346153846174
Page number: 488, page rank:0.0010216346153846174
Page number: 489, page rank:0.0010216346153846174
Page number: 490, page rank:0.0010216346153846174
Page number: 491, page rank:0.0010216346153846174
Page number: 492, page rank:0.0010216346153846174
Page number: 493, page rank:0.0010216346153846174
Page number: 494, page rank:0.0015621076158255083
Page number: 495, page rank:0.0010216346153846174
Page number: 496, page rank:0.0010216346153846174
Page number: 497, page rank:0.0010216346153846174
Page number: 498, page rank:0.0010216346153846174
Page number: 499, page rank:0.0010216346153846174
Page number: 500, page rank:0.0010216346153846174
Page number: 501, page rank:0.0010216346153846174
Page number: 502, page rank:0.0011567528654948403
Page number: 503, page rank:0.0010216346153846174
Page number: 504, page rank:0.0010216346153846174
Page number: 505, page rank:0.0010216346153846174
Page number: 506, page rank:0.0010216346153846174
Page number: 507, page rank:0.0010216346153846174
Page number: 508, page rank:0.0010216346153846174
Page number: 509, page rank:0.0010216346153846174
Page number: 510, page rank:0.0010216346153846174
Page number: 511, page rank:0.0010216346153846174
Page number: 512, page rank:0.0010216346153846174
Page number: 513, page rank:0.0010216346153846174
Page number: 514, page rank:0.0010216346153846174
Page number: 515, page rank:0.0010216346153846174
Page number: 516, page rank:0.0010216346153846174
Page number: 517, page rank:0.0010216346153846174
Page number: 518, page rank:0.0010216346153846174
Page number: 519, page rank:0.0014269893657152869
Page number: 520, page rank:0.0014269893657152869
Page number: 521, page rank:0.0014269893657152869
Page number: 522, page rank:0.0014269893657152869
Page number: 523, page rank:0.0014269893657152869
Page number: 524, page rank:0.0014269893657152869
Page number: 525, page rank:0.0014269893657152869
Page number: 526, page rank:0.0014269893657152869
Page number: 527, page rank:0.0014269893657152869
Page number: 528, page rank:0.0014269893657152869
Page number: 529, page rank:0.0014269893657152869
Page number: 530, page rank:0.0014269893657152869
Page number: 531, page rank:0.0010216346153846174
Page number: 532, page rank:0.0015823414137994592
Page number: 533, page rank:0.0011567528654948408
Page number: 534, page rank:0.0010216346153846174
Page number: 535, page rank:0.0014269893657152869
Page number: 536, page rank:0.0014269893657152869
Page number: 537, page rank:0.0010216346153846174
Page number: 538, page rank:0.0011567528654948408
Page number: 539, page rank:0.0010216346153846174
Page number: 540, page rank:0.0010216346153846174
Page number: 541, page rank:0.0010216346153846174
Page number: 542, page rank:0.0010216346153846174
Page number: 543, page rank:0.0010216346153846174
Page number: 544, page rank:0.0010216346153846174
Page number: 545, page rank:0.0010216346153846174
Page number: 546, page rank:0.0010216346153846174
Page number: 547, page rank:0.0011567528654948403
Page number: 548, page rank:0.0010216346153846174
Page number: 549, page rank:0.0011567528654948406
Page number: 550, page rank:0.0010216346153846174
Page number: 551, page rank:0.0016082379117837594
Page number: 552, page rank:0.0016082379117837594
Page number: 553, page rank:0.0016082379117837594
Page number: 554, page rank:0.004698811089872464
Page number: 555, page rank:0.002100251530421496
Page number: 556, page rank:0.0018784744120042057
Page number: 557, page rank:0.0016768658629794805
Page number: 558, page rank:0.002910961031082832
Page number: 559, page rank:0.0016082379117837594
Page number: 560, page rank:0.0018784744120042055
Page number: 561, page rank:0.0017433561618939823
Page number: 562, page rank:0.0011567528654948406
Page number: 563, page rank:0.0011567528654948406
Page number: 564, page rank:0.001426989365715286
Page number: 565, page rank:0.0016082379117837594
Page number: 566, page rank:0.0010216346153846174
Page number: 567, page rank:0.0010216346153846174
Page number: 568, page rank:0.0010216346153846174
Page number: 569, page rank:0.0010216346153846174
Page number: 570, page rank:0.0010216346153846174
Page number: 571, page rank:0.0010216346153846174
Page number: 572, page rank:0.0010216346153846174
Page number: 573, page rank:0.0010216346153846174
Page number: 574, page rank:0.0010216346153846174
Page number: 575, page rank:0.0010216346153846174
Page number: 576, page rank:0.0010216346153846174
Page number: 577, page rank:0.0010216346153846174
Page number: 578, page rank:0.0010216346153846174
Page number: 579, page rank:0.0010216346153846174
Page number: 580, page rank:0.0010216346153846174
Page number: 581, page rank:0.0010216346153846174
Page number: 582, page rank:0.0010216346153846174
Page number: 583, page rank:0.0010216346153846174
Page number: 584, page rank:0.0010216346153846174
Page number: 585, page rank:0.0010216346153846174
Page number: 586, page rank:0.0010216346153846174
Page number: 587, page rank:0.0010216346153846174
Page number: 588, page rank:0.0010216346153846174
Page number: 589, page rank:0.0010216346153846174
Page number: 590, page rank:0.0010216346153846174
Page number: 591, page rank:0.0010216346153846174
Page number: 592, page rank:0.0010216346153846174
Page number: 593, page rank:0.0012918711156050624
Page number: 594, page rank:0.0010216346153846174
Page number: 595, page rank:0.0015645792932083079
Page number: 596, page rank:0.0015417961499680827
Page number: 597, page rank:0.0015417961499680827
Page number: 598, page rank:0.0015417961499680827
Page number: 599, page rank:0.0015417961499680827
Page number: 600, page rank:0.0016947847240061766
Page number: 601, page rank:0.0015417961499680827
Page number: 602, page rank:0.0015417961499680827
Page number: 603, page rank:0.0015417961499680827
Page number: 604, page rank:0.0015417961499680827
Page number: 605, page rank:0.0015417961499680827
Page number: 606, page rank:0.002410743416873598
Page number: 607, page rank:0.0015417961499680827
Page number: 608, page rank:0.0016769144000783056
Page number: 609, page rank:0.0015417961499680827
Page number: 610, page rank:0.0015417961499680827
Page number: 611, page rank:0.0016769144000783056
Page number: 612, page rank:0.0015417961499680827
Page number: 613, page rank:0.0019187233788685476
Page number: 614, page rank:0.001919208221397734
Page number: 615, page rank:0.001919208221397734
Page number: 616, page rank:0.0028499621939418723
Page number: 617, page rank:0.002053841628978771
Page number: 618, page rank:0.0010216346153846174
Page number: 619, page rank:0.0015417961499680827
Page number: 620, page rank:0.0017457093638248173
Page number: 621, page rank:0.002853628108134985
Page number: 622, page rank:0.0015417961499680827
Page number: 623, page rank:0.0015417961499680827
Page number: 624, page rank:0.0015417961499680827
Page number: 625, page rank:0.0015417961499680827
Page number: 626, page rank:0.0015417961499680827
Page number: 627, page rank:0.0010216346153846174
Page number: 628, page rank:0.0018299029741163995
Page number: 629, page rank:0.0016769144000783058
Page number: 630, page rank:0.0015417961499680827
Page number: 631, page rank:0.0010216346153846174
Page number: 632, page rank:0.0010216346153846174
Page number: 633, page rank:0.0010216346153846174
Page number: 634, page rank:0.0011567528654948403
Page number: 635, page rank:0.0010216346153846174
Page number: 636, page rank:0.0010216346153846174
Page number: 637, page rank:0.0010216346153846174
Page number: 638, page rank:0.0010216346153846174
Page number: 639, page rank:0.0010216346153846174
Page number: 640, page rank:0.0010216346153846174
Page number: 641, page rank:0.0010216346153846174
Page number: 642, page rank:0.0010216346153846174
Page number: 643, page rank:0.0010216346153846174
Page number: 644, page rank:0.0010216346153846174
Page number: 645, page rank:0.001309741439532934
Page number: 646, page rank:0.0011567528654948403
Page number: 647, page rank:0.0010216346153846174
Page number: 648, page rank:0.0010216346153846174
Page number: 649, page rank:0.0010216346153846174
Page number: 650, page rank:0.0010216346153846174
Page number: 651, page rank:0.00142235684443601
Page number: 652, page rank:0.0010216346153846174
Page number: 653, page rank:0.0010216346153846174
Page number: 654, page rank:0.0010216346153846174
Page number: 655, page rank:0.0010216346153846174
Page number: 656, page rank:0.0010216346153846174
Page number: 657, page rank:0.0010216346153846174
Page number: 658, page rank:0.0010216346153846174
Page number: 659, page rank:0.001579977939753379
Page number: 660, page rank:0.0010216346153846174
Page number: 661, page rank:0.0011567528654948403
Page number: 662, page rank:0.0010216346153846174
Page number: 663, page rank:0.002667721173403563
Page number: 664, page rank:0.0010216346153846174
Page number: 665, page rank:0.0011567528654948403
Page number: 666, page rank:0.0010216346153846174
Page number: 667, page rank:0.0011975330472463889
Page number: 668, page rank:0.0010216346153846174
Page number: 669, page rank:0.001177346891987739
Page number: 670, page rank:0.001177346891987739
Page number: 671, page rank:0.003653041644144542
Page number: 672, page rank:0.002309180162088105
Page number: 673, page rank:0.0015047746608604228
Page number: 674, page rank:0.0010216346153846174
Page number: 675, page rank:0.0010216346153846174
Page number: 676, page rank:0.0010216346153846174
Page number: 677, page rank:0.0010216346153846174
Page number: 678, page rank:0.0019305458695163921
Page number: 679, page rank:0.0016335889115369926
Page number: 680, page rank:0.0010216346153846174
Page number: 681, page rank:0.0010216346153846174
Page number: 682, page rank:0.001817292323914062
Page number: 683, page rank:0.0016335889115369926
Page number: 684, page rank:0.00163358891153699
Page number: 685, page rank:0.0013633524113165468
Page number: 686, page rank:0.0013633524113165468
Page number: 687, page rank:0.003907488750802912
Page number: 688, page rank:0.002838175501680873
Page number: 689, page rank:0.0012282341612063238
Page number: 690, page rank:0.0010216346153846174
Page number: 691, page rank:0.0010216346153846174
Page number: 692, page rank:0.0010216346153846174
Page number: 693, page rank:0.0010216346153846174
Page number: 694, page rank:0.0010216346153846174
Page number: 695, page rank:0.0010216346153846174
Page number: 696, page rank:0.007546626641336171
Page number: 697, page rank:0.0013633524113165468
Page number: 698, page rank:0.0013633524113165468
Page number: 699, page rank:0.0015047746608604228
Page number: 700, page rank:0.0010216346153846174
Page number: 701, page rank:0.0010216346153846174
Page number: 702, page rank:0.0010216346153846174
Page number: 703, page rank:0.0010216346153846174
Page number: 704, page rank:0.0010216346153846174
Page number: 705, page rank:0.0010216346153846174
Page number: 706, page rank:0.0011746231894227117
Page number: 707, page rank:0.0011746231894227117
Page number: 708, page rank:0.0020883207501263324
Page number: 709, page rank:0.0017913637921469325
Page number: 710, page rank:0.0013185915733640169
Page number: 711, page rank:0.0030423721515323862
Page number: 712, page rank:0.0010216346153846174
Page number: 713, page rank:0.0022453037047444483
Page number: 714, page rank:0.0013889890144047252
Page number: 715, page rank:0.0013889890144047252
Page number: 716, page rank:0.0020467277608274205
Page number: 717, page rank:0.0013889890144047252
Page number: 718, page rank:0.0013889890144047252
Page number: 719, page rank:0.0013889890144047252
Page number: 720, page rank:0.0013889890144047252
Page number: 721, page rank:0.0013889890144047252
Page number: 722, page rank:0.0013889890144047252
Page number: 723, page rank:0.0013889890144047252
Page number: 724, page rank:0.0013889890144047252
Page number: 725, page rank:0.0013889890144047252
Page number: 726, page rank:0.0013889890144047252
Page number: 727, page rank:0.0013889890144047252
Page number: 728, page rank:0.0013889890144047252
Page number: 729, page rank:0.0013889890144047252
Page number: 730, page rank:0.0013889890144047252
Page number: 731, page rank:0.0013889890144047252
Page number: 732, page rank:0.0010216346153846174
Page number: 733, page rank:0.0010216346153846174
Page number: 734, page rank:0.0010216346153846174
Page number: 735, page rank:0.0010216346153846174
Page number: 736, page rank:0.0010216346153846174
Page number: 737, page rank:0.0010216346153846174
Page number: 738, page rank:0.0010216346153846174
Page number: 739, page rank:0.0013525725095269103
Page number: 740, page rank:0.0037715356904726265
Page number: 741, page rank:0.0011567528654948406
Page number: 742, page rank:0.0030977137121986817
Page number: 743, page rank:0.0011567528654948406
Page number: 744, page rank:0.0014806003374988992
Page number: 745, page rank:0.0012918711156050635
Page number: 746, page rank:0.0016228090097473564
Page number: 747, page rank:0.0011567528654948406
Page number: 748, page rank:0.0016446957079830112
Page number: 749, page rank:0.001505561083565004
Page number: 750, page rank:0.0026164219622316284
Page number: 751, page rank:0.0011567528654948406
Page number: 752, page rank:0.0012918711156050637
Page number: 753, page rank:0.0014269893657152853
Page number: 754, page rank:0.0011567528654948406
Page number: 755, page rank:0.0011567528654948406
Page number: 756, page rank:0.0011567528654948406
Page number: 757, page rank:0.0011567528654948406
Page number: 758, page rank:0.0014269893657152856
Page number: 759, page rank:0.0012918711156050633
Page number: 760, page rank:0.001738359975127326
Page number: 761, page rank:0.0011567528654948406
Page number: 762, page rank:0.0011567528654948406
Page number: 763, page rank:0.0011567528654948406
Page number: 764, page rank:0.0011567528654948406
Page number: 765, page rank:0.0013151349008687875
Page number: 766, page rank:0.0011567528654948406
Page number: 767, page rank:0.0011567528654948406
Page number: 768, page rank:0.0011567528654948406
Page number: 769, page rank:0.0011567528654948406
Page number: 770, page rank:0.0011567528654948406
Page number: 771, page rank:0.0011567528654948406
Page number: 772, page rank:0.0011567528654948406
Page number: 773, page rank:0.0011567528654948406
Page number: 774, page rank:0.0011567528654948406
Page number: 775, page rank:0.0011567528654948406
Page number: 776, page rank:0.0011567528654948406
Page number: 777, page rank:0.0011567528654948406
Page number: 778, page rank:0.0011567528654948406
Page number: 779, page rank:0.0010216346153846174
Page number: 780, page rank:0.0010216346153846174
Page number: 781, page rank:0.0010216346153846174
Page number: 782, page rank:0.0010216346153846174
Page number: 783, page rank:0.0010216346153846174
Page number: 784, page rank:0.0010216346153846174
Page number: 785, page rank:0.0011955353667803146
Page number: 786, page rank:0.0010216346153846174
Page number: 787, page rank:0.0012918711156050633
Page number: 788, page rank:0.0010216346153846174
Page number: 789, page rank:0.0010216346153846174
Page number: 790, page rank:0.0012174542594166878
Page number: 791, page rank:0.0010216346153846174
Page number: 792, page rank:0.0014223568444360103
Page number: 793, page rank:0.0011924935133505823
Page number: 794, page rank:0.0011924935133505823
Page number: 795, page rank:0.0013276117634608052
Page number: 796, page rank:0.0010216346153846174
Page number: 797, page rank:0.002510977097426928
Page number: 798, page rank:0.0017916170194708905
Page number: 799, page rank:0.0014627300135710264
Page number: 800, page rank:0.0017562302990551974
Page number: 801, page rank:0.0011924935133505823
Page number: 802, page rank:0.0012174542594166878
Page number: 803, page rank:0.0010216346153846174
Page number: 804, page rank:0.0010216346153846174
Page number: 805, page rank:0.0017379178186159242
Page number: 806, page rank:0.00137437626768222
Page number: 807, page rank:0.00137437626768222
Page number: 808, page rank:0.00137437626768222
Page number: 809, page rank:0.00137437626768222
Page number: 810, page rank:0.0015094945177924434
Page number: 811, page rank:0.00137437626768222
Page number: 812, page rank:0.0018909063926540182
Page number: 813, page rank:0.00137437626768222
Page number: 814, page rank:0.0015094945177924432
Page number: 815, page rank:0.00137437626768222
Page number: 816, page rank:0.00137437626768222
Page number: 817, page rank:0.0017797310180128892
Page number: 818, page rank:0.0017797310180128895
Page number: 819, page rank:0.0016446127679026657
Page number: 820, page rank:0.0010216346153846174
Page number: 821, page rank:0.0010216346153846174
Page number: 822, page rank:0.0012034053908514695
Page number: 823, page rank:0.0010216346153846174
Page number: 824, page rank:0.0010216346153846174
Page number: 825, page rank:0.0010216346153846174
Page number: 826, page rank:0.0010216346153846174
Page number: 827, page rank:0.0010216346153846174
Page number: 828, page rank:0.0010216346153846174
Page number: 829, page rank:0.0010216346153846174
Page number: 830, page rank:0.0010216346153846174
Page number: 831, page rank:0.0010216346153846174
